customer_behavior_id,date_id,branch_id,customer_type_id,gender_id,quantity,cogs,rating
1,1,1,1,1,10,846.3,9.0
2,1,2,2,1,2,126.44,8.5
3,1,1,2,1,6,448.26,6.7
4,1,2,1,1,10,369.8,7.0
5,1,3,1,1,4,108.16,6.9
6,1,3,2,1,9,591.66,7.7
7,1,3,1,2,8,380.72,5.7
8,1,3,2,2,6,435.66,6.9
9,1,2,2,2,2,125.74,5.0
10,1,1,2,2,8,168.96,6.3
11,1,2,1,1,6,175.32,5.0
12,1,3,1,1,10,742.2,4.3
13,2,3,2,2,1,42.47,5.7
14,2,1,1,2,9,365.49,7.0
15,2,1,2,2,6,267.78,5.1
16,2,3,1,2,6,249.96,5.6
17,2,2,1,1,8,253.36,5.6
18,2,1,2,1,10,342.1,5.1
19,2,1,2,2,6,132.06,7.6
20,2,2,2,2,2,199.64,6.7
21,3,1,2,1,6,378.9,9.8
22,3,2,1,2,1,75.88,7.1
23,3,1,2,2,1,93.38,9.6
24,3,3,2,2,5,350.05,5.5
25,3,3,2,1,9,207.27,7.9
26,3,2,1,1,2,42.24,9.7
27,3,3,2,1,5,335.45,9.1
28,3,1,1,2,8,496.0,6.2
29,4,1,2,2,3,139.26,4.4
30,4,3,1,2,5,104.85,7.8
31,4,2,1,1,9,599.85,9.7
32,4,3,1,1,10,355.4,7.0
33,4,1,1,1,4,274.84,4.1
34,4,1,1,2,1,72.17,6.1
35,5,2,1,1,1,31.9,9.1
36,5,2,2,2,6,164.28,7.9
37,5,1,1,1,9,318.42,9.6
38,5,2,2,1,3,228.18,9.8
39,5,3,1,1,7,522.83,9.1
40,5,1,2,1,1,71.2,9.2
41,5,3,1,2,4,282.96,4.4
42,5,3,2,1,7,657.16,7.3
43,5,2,2,1,7,552.23,7.5
44,5,1,1,1,1,73.96,5.0
45,5,3,1,2,4,250.6,4.2
46,5,3,2,1,5,214.55,6.1
47,6,1,2,2,4,248.76,4.3
48,6,2,2,2,10,894.8,9.6
49,6,3,2,1,1,15.34,6.5
50,6,1,1,2,9,724.23,9.2
51,6,3,1,2,8,471.2,8.9
52,6,2,2,1,4,326.72,9.1
53,6,3,2,1,5,204.7,9.9
54,6,3,2,2,4,258.36,9.3
55,6,3,2,1,7,297.99,6.8
56,7,1,2,2,7,335.79,6.2
57,7,2,1,1,10,218.2,7.1
58,7,2,2,2,3,81.66,7.3
59,7,2,1,1,1,68.12,6.8
60,7,3,1,2,4,310.88,8.8
61,7,3,1,1,9,193.86,8.8
62,7,1,1,1,6,585.66,9.9
63,7,3,2,2,9,548.55,6.0
64,7,1,1,1,4,356.56,7.8
65,8,2,1,1,7,363.23,4.5
66,8,1,1,1,10,332.1,6.0
67,8,2,2,1,9,285.57,5.9
68,8,1,1,1,2,98.2,6.4
69,8,2,2,1,4,181.52,8.7
70,8,2,1,2,3,166.71,5.9
71,8,2,1,1,8,548.32,8.5
72,8,1,1,2,10,652.3,5.2
73,8,2,2,2,1,12.78,9.5
74,8,1,1,1,10,746.0,9.5
75,8,1,1,1,2,129.66,8.0
76,8,3,2,2,5,185.7,5.0
77,8,3,2,1,4,200.92,9.0
78,8,3,1,2,2,25.52,7.8
79,8,3,1,1,3,238.77,6.6
80,8,1,1,1,3,145.5,6.7
81,8,2,1,2,3,72.93,4.3
82,8,2,1,1,9,655.92,4.0
83,9,1,1,1,8,94.8,4.1
84,9,2,2,2,7,674.59,6.0
85,9,2,2,1,6,295.92,7.1
86,9,1,1,1,3,65.7,4.7
87,9,3,1,2,5,192.7,5.6
88,9,2,1,2,9,441.36,8.6
89,9,2,2,1,10,158.0,7.8
90,9,2,2,1,10,954.4,5.2
91,10,1,2,1,7,559.02,5.5
92,10,2,1,2,5,373.95,4.9
93,10,3,1,1,2,72.52,7.2
94,10,1,2,1,4,55.12,9.0
95,10,2,1,2,9,454.41,5.4
96,10,3,1,2,6,470.28,5.8
97,10,3,1,1,7,153.86,5.1
98,10,2,2,1,7,581.98,6.6
99,10,1,2,2,8,670.24,5.1
100,11,3,2,2,9,224.46,5.6
101,11,3,2,2,1,89.69,4.9
102,11,2,1,1,7,257.39,7.4
103,11,3,1,2,4,329.32,7.5
104,11,2,1,1,2,174.32,9.7
105,11,3,1,2,6,291.0,9.4
106,11,3,2,1,6,579.12,4.5
107,11,3,2,2,5,68.95,7.8
108,12,2,1,2,7,399.84,6.5
109,12,1,2,1,2,114.44,8.3
110,12,1,1,2,8,732.48,6.0
111,12,1,1,1,1,27.07,5.3
112,12,1,2,1,10,832.5,4.4
113,12,3,1,2,10,886.7,7.3
114,12,3,2,1,10,294.2,8.9
115,12,3,1,1,9,180.09,5.7
116,12,1,2,2,6,138.06,7.9
117,12,2,2,2,10,975.0,8.0
118,12,1,2,1,7,357.49,7.0
119,13,1,1,2,6,435.6,6.9
120,13,3,1,2,3,243.03,9.3
121,13,2,1,1,1,74.29,5.0
122,13,3,2,1,6,140.76,6.4
123,13,3,1,1,9,356.58,6.8
124,13,2,1,1,4,84.16,7.6
125,13,1,1,2,2,119.72,6.7
126,13,1,2,2,2,144.78,8.1
127,13,3,2,2,7,319.06,5.0
128,13,2,2,1,10,416.5,5.4
129,14,2,1,2,3,181.41,5.6
130,14,1,2,1,1,34.81,7.0
131,14,1,1,1,4,72.32,9.5
132,14,3,1,1,5,483.5,7.0
133,14,1,2,1,5,498.45,9.9
134,14,1,2,1,1,17.75,8.6
135,14,2,2,2,1,84.83,8.8
136,14,2,2,2,7,372.33,5.0
137,14,1,2,2,7,511.42,4.2
138,14,2,2,2,4,127.08,6.2
139,14,2,1,1,9,403.56,7.5
140,14,3,1,2,10,560.4,4.4
141,14,2,2,2,7,429.87,9.8
142,15,3,1,1,9,802.89,6.5
143,15,1,2,2,5,378.3,7.8
144,15,1,2,1,10,973.7,4.9
145,15,3,2,1,7,133.7,9.7
146,15,3,1,2,2,167.54,7.0
147,15,2,2,2,10,558.7,5.8
148,15,1,1,2,10,664.7,5.0
149,15,1,1,1,6,562.32,4.5
150,15,3,2,1,6,68.58,7.7
151,15,1,2,1,2,147.04,4.6
152,15,2,1,2,7,568.61,9.0
153,15,2,1,2,5,87.2,8.1
154,15,3,2,1,9,547.92,4.7
155,16,2,2,2,10,955.8,4.8
156,16,1,1,1,7,635.18,6.2
157,16,2,2,1,9,839.34,8.8
158,16,2,1,2,7,119.98,7.9
159,16,1,2,2,4,156.84,9.0
160,16,3,1,2,10,635.6,4.3
161,16,2,1,1,2,30.98,6.3
162,16,1,1,2,1,51.36,5.2
163,16,3,2,1,2,186.36,8.5
164,16,2,2,1,9,473.4,7.6
165,17,1,2,1,2,81.24,4.1
166,17,3,2,1,10,812.1,6.3
167,17,1,1,2,2,115.78,8.9
168,17,3,2,2,6,129.12,9.4
169,17,1,1,1,7,662.13,4.9
170,17,2,1,1,2,125.64,4.9
171,17,2,1,2,2,131.3,6.0
172,17,2,1,2,5,359.6,4.3
173,17,3,2,2,3,77.1,6.1
174,17,1,1,1,1,86.72,7.9
175,17,3,2,2,7,412.37,9.7
176,18,3,1,1,3,264.45,7.9
177,18,2,2,1,1,39.42,8.4
178,18,3,2,1,5,131.55,8.8
179,18,2,2,2,7,425.18,5.0
180,18,1,2,2,8,158.32,8.7
181,18,3,1,2,9,174.24,8.7
182,18,3,1,2,6,534.36,9.9
183,18,2,1,1,9,815.67,5.1
184,18,1,1,1,6,104.88,6.1
185,19,1,1,1,8,96.8,8.6
186,19,2,1,2,1,80.93,9.0
187,19,3,2,1,6,594.6,4.2
188,19,1,2,2,3,189.18,7.0
189,19,3,2,2,10,641.9,6.7
190,19,3,2,1,10,456.8,5.7
191,19,2,1,2,4,238.36,9.8
192,19,3,1,2,3,35.82,8.1
193,19,2,2,1,4,224.52,8.6
194,19,2,2,1,8,345.44,8.3
195,19,1,1,2,6,317.34,9.8
196,19,3,2,2,8,271.04,9.6
197,19,3,1,2,4,269.04,8.0
198,19,2,1,1,1,88.61,7.7
199,19,3,1,2,9,522.63,4.3
200,19,3,2,2,6,307.68,6.5
201,20,2,1,2,4,331.72,9.6
202,20,3,1,2,4,222.0,6.6
203,20,3,2,1,2,186.28,4.1
204,20,1,2,2,2,106.88,4.1
205,20,1,2,2,3,112.44,7.7
206,20,2,2,2,8,124.96,9.1
207,20,3,1,1,10,723.5,5.4
208,20,2,2,2,7,448.56,7.6
209,20,3,1,1,8,511.04,9.9
210,20,2,1,1,8,714.0,4.7
211,21,3,2,2,6,439.32,7.2
212,21,2,2,1,6,595.14,5.5
213,21,3,1,2,7,372.19,8.9
214,21,1,1,1,1,98.13,8.9
215,21,3,1,1,2,72.72,7.1
216,21,3,2,1,6,467.7,8.0
217,21,2,1,2,1,68.98,4.8
218,21,3,2,2,3,164.01,8.6
219,22,2,2,1,5,101.9,6.0
220,22,2,1,1,1,81.51,9.2
221,22,2,1,2,5,196.95,8.7
222,22,1,2,1,5,144.3,8.0
223,22,3,2,2,3,92.04,9.1
224,22,1,2,1,6,334.86,9.9
225,22,3,2,2,9,672.03,9.4
226,23,3,1,1,5,479.75,8.8
227,23,2,2,1,3,252.15,9.8
228,23,3,1,1,9,428.67,5.0
229,23,2,1,1,10,898.0,5.4
230,23,3,2,1,6,396.36,7.3
231,23,2,1,1,6,502.62,5.4
232,23,2,1,1,4,189.52,7.1
233,23,3,2,2,4,232.6,8.4
234,23,2,2,2,7,699.72,6.1
235,23,3,1,2,5,89.7,6.8
236,23,2,1,2,8,307.76,7.7
237,23,2,2,1,7,318.08,9.2
238,23,2,2,1,5,54.95,9.3
239,23,3,2,2,1,30.61,5.2
240,23,2,2,2,1,83.08,6.4
241,23,2,2,2,8,154.0,6.6
242,23,3,1,2,6,591.18,4.0
243,24,2,1,2,3,257.16,5.1
244,24,3,1,2,8,693.44,7.2
245,24,3,1,1,8,388.96,5.0
246,24,2,1,1,1,60.87,5.5
247,24,1,2,2,5,366.4,8.4
248,24,3,2,1,5,387.5,4.3
249,24,3,2,2,10,787.7,6.4
250,24,1,2,1,10,766.0,6.0
251,24,3,2,2,8,84.48,7.6
252,24,1,1,2,10,403.0,7.0
253,24,1,1,1,6,138.48,4.9
254,24,1,1,2,3,279.66,7.2
255,24,1,2,2,7,531.16,8.9
256,25,1,2,1,2,121.92,4.9
257,25,1,2,1,7,339.57,5.2
258,25,3,1,2,4,240.04,4.5
259,25,1,2,2,1,96.11,7.8
260,25,1,1,2,4,204.52,4.0
261,25,3,1,1,4,160.2,9.7
262,25,1,2,2,2,43.74,6.9
263,25,2,1,2,1,15.43,6.1
264,25,3,1,2,3,159.9,7.5
265,25,1,2,1,7,277.34,7.5
266,25,2,1,1,3,254.61,7.4
267,25,2,1,2,10,905.0,8.1
268,25,3,2,2,9,236.07,5.9
269,25,2,1,1,9,631.71,6.7
270,25,2,2,2,8,274.48,5.7
271,25,3,2,2,1,74.1,9.2
272,25,1,2,1,5,441.8,9.6
273,26,1,1,2,5,400.25,9.4
274,26,1,1,2,9,624.33,4.0
275,26,2,2,1,1,64.99,4.5
276,26,3,2,1,1,12.09,8.2
277,26,1,2,2,7,609.56,5.5
278,26,1,2,2,4,102.2,5.7
279,26,1,1,1,2,157.76,9.1
280,26,1,2,2,2,66.66,6.4
281,26,3,2,2,7,361.83,5.5
282,26,1,2,1,5,257.7,4.2
283,26,1,2,1,3,290.04,6.4
284,26,2,1,2,3,101.43,7.3
285,26,3,2,2,1,21.32,5.9
286,26,2,2,1,10,448.6,8.2
287,26,1,2,1,10,379.5,9.7
288,26,1,2,1,2,162.74,6.5
289,26,2,2,1,5,184.25,9.2
290,27,3,1,2,1,73.26,9.7
291,27,2,1,1,9,486.63,9.5
292,27,2,2,1,10,143.6,5.4
293,27,2,2,1,6,541.44,6.2
294,27,2,1,1,10,465.7,7.6
295,27,1,2,1,10,490.1,4.2
296,27,3,1,2,8,465.76,8.4
297,27,3,2,1,5,161.25,9.0
298,27,1,1,2,4,384.64,8.4
299,27,2,2,2,2,138.8,9.0
300,27,3,2,1,2,24.06,5.1
301,27,3,2,2,6,490.26,8.0
302,27,2,1,1,7,169.68,9.4
303,27,3,2,1,7,379.96,9.3
304,28,2,2,1,4,279.24,5.9
305,28,1,2,2,8,793.28,4.2
306,28,1,1,1,1,19.15,9.5
307,28,2,2,1,8,647.76,9.3
308,28,3,2,2,7,80.71,8.1
309,28,2,2,1,5,119.1,5.4
310,28,1,1,1,10,214.3,6.2
311,28,2,2,2,5,87.05,4.9
312,28,1,1,2,9,702.63,4.5
313,28,1,1,2,8,602.96,8.4
314,28,2,1,2,6,112.62,5.5
315,28,1,1,1,9,648.99,7.7
316,28,3,1,2,8,193.44,9.8
317,28,2,1,2,3,260.4,9.9
318,29,1,1,2,4,130.48,9.0
319,29,2,2,2,10,587.6,9.0
320,29,3,1,1,4,88.04,6.6
321,29,3,2,2,1,38.6,6.7
322,29,2,2,2,1,40.35,6.2
323,29,3,1,1,5,139.65,5.9
324,29,2,2,2,6,252.48,8.9
325,29,1,2,1,6,504.3,7.7
326,29,2,1,1,6,114.9,6.8
327,29,1,1,2,10,266.7,8.6
328,29,3,1,1,5,436.85,6.6
329,29,3,2,2,9,749.16,7.4
330,30,2,2,2,1,22.96,4.3
331,30,1,2,1,4,94.6,4.0
332,30,3,1,2,3,281.34,5.9
333,30,2,1,1,10,985.2,4.5
334,30,2,2,1,1,22.38,8.6
335,30,2,2,1,5,485.15,9.3
336,30,2,1,1,5,52.65,5.8
337,30,2,2,2,2,152.8,6.5
338,30,1,2,1,8,339.36,5.7
339,31,2,2,1,9,213.75,9.5
340,31,3,1,2,4,83.08,4.7
341,31,2,1,2,8,789.6,8.5
342,31,1,2,1,4,172.0,7.6
343,31,1,2,2,10,721.3,4.2
344,31,3,1,2,8,410.72,7.6
345,31,1,1,2,1,75.82,5.8
346,31,2,2,1,10,621.8,6.0
347,31,2,1,2,4,148.24,9.7
348,31,1,1,2,6,479.58,5.5
349,31,1,1,2,9,790.83,5.6
350,31,1,2,2,2,138.16,6.9
351,31,1,2,2,6,272.1,6.1
352,31,3,1,2,1,66.35,9.7
353,32,2,1,1,6,524.88,5.1
354,32,3,1,1,5,71.15,4.4
355,32,3,1,2,7,486.64,8.5
356,32,2,2,1,9,207.63,4.9
357,32,2,1,1,9,727.11,9.5
358,32,3,1,1,4,310.72,8.4
359,33,1,1,1,7,183.82,9.9
360,33,3,1,2,10,431.3,5.5
361,33,1,2,1,7,178.92,7.1
362,33,2,1,1,1,38.42,8.6
363,33,2,2,2,8,527.76,8.4
364,33,3,1,1,8,412.16,9.6
365,33,2,2,1,6,212.94,4.1
366,33,2,1,1,2,166.7,9.5
367,33,2,1,2,2,112.22,6.3
368,33,1,1,2,9,418.95,6.4
369,33,1,2,2,8,750.96,8.3
370,33,3,2,1,10,109.6,6.0
371,33,2,2,1,4,381.68,6.4
372,33,3,1,1,1,18.33,4.3
373,34,3,2,1,5,136.4,8.6
374,34,1,1,2,5,235.8,6.0
375,34,3,1,1,7,664.16,4.2
376,34,2,1,2,7,639.8,9.5
377,34,1,1,1,9,495.63,10.0
378,34,1,2,1,3,128.91,9.3
379,34,3,1,2,10,727.8,7.3
380,34,1,1,2,1,53.78,4.7
381,34,3,2,2,5,385.1,5.5
382,34,3,1,2,10,674.5,4.2
383,34,2,2,2,5,202.6,4.5
384,34,2,2,1,4,295.8,6.1
385,34,2,2,1,10,493.3,9.4
386,34,1,1,2,1,73.97,5.4
387,35,2,2,1,9,124.65,6.0
388,35,3,1,1,7,176.54,8.2
389,35,1,2,1,1,67.77,6.5
390,35,1,1,2,4,93.36,7.4
391,35,2,1,2,1,13.98,9.8
392,35,3,1,2,1,71.95,7.3
393,35,3,2,1,5,215.3,7.7
394,35,3,2,2,7,522.06,9.0
395,35,1,1,1,2,144.08,9.5
396,35,3,2,1,4,194.52,7.6
397,35,1,1,1,9,699.12,9.8
398,36,3,1,1,1,30.62,4.1
399,36,1,1,1,9,385.38,8.9
400,36,2,1,1,6,283.62,8.8
401,36,1,1,1,2,32.98,4.6
402,36,3,1,2,2,41.78,9.8
403,36,2,1,2,2,138.66,9.7
404,36,1,2,1,9,524.16,9.7
405,36,3,1,2,1,87.9,6.7
406,36,3,1,1,3,225.6,4.8
407,36,2,1,1,10,686.0,9.1
408,36,2,1,1,3,294.63,7.8
409,36,3,1,2,6,155.46,8.7
410,37,2,2,2,1,89.75,6.6
411,37,2,1,2,4,387.92,9.4
412,37,1,2,2,10,229.5,8.2
413,37,1,1,1,9,180.09,4.1
414,37,2,1,2,5,179.05,7.9
415,37,2,1,1,4,397.68,7.5
416,37,1,1,2,10,259.0,8.7
417,37,3,1,1,6,224.64,5.9
418,37,1,1,1,4,57.92,4.5
419,37,2,1,1,8,228.0,6.6
420,37,2,2,1,1,52.42,6.3
421,37,1,1,2,6,302.7,8.9
422,37,3,2,1,5,178.4,6.6
423,38,3,2,1,1,28.96,6.2
424,38,2,2,1,8,483.28,9.6
425,38,3,2,2,8,716.8,6.6
426,38,2,2,1,8,326.88,6.5
427,38,3,1,1,1,45.58,9.8
428,38,2,1,2,1,10.17,5.9
429,38,2,1,1,6,260.76,8.5
430,38,2,1,2,4,263.76,6.9
431,38,1,2,2,10,793.9,6.2
432,38,2,2,1,6,98.88,9.9
433,38,2,2,2,10,589.5,8.1
434,38,1,2,1,5,318.55,8.5
435,38,1,2,1,8,463.28,8.1
436,38,3,2,1,8,744.96,6.8
437,38,2,2,2,2,172.26,8.2
438,38,3,2,2,10,431.9,8.2
439,38,1,2,2,9,198.18,6.8
440,38,2,2,2,7,116.69,7.4
441,38,1,2,2,6,276.12,7.1
442,38,1,1,1,10,543.6,6.1
443,39,1,2,2,1,33.52,6.7
444,39,3,2,2,7,604.17,5.3
445,39,1,2,1,9,812.52,7.2
446,39,2,1,1,5,324.85,6.5
447,39,3,1,2,1,19.7,9.5
448,39,2,1,1,10,972.1,8.7
449,39,2,1,1,7,260.05,7.7
450,39,1,1,1,6,414.72,5.6
451,39,3,2,2,10,989.8,8.7
452,39,1,1,2,4,185.88,7.0
453,39,1,2,2,4,127.0,8.6
454,39,1,2,1,6,98.22,7.0
455,40,1,2,2,4,183.88,5.1
456,40,3,1,2,9,315.36,4.6
457,40,2,2,2,10,846.1,8.8
458,40,2,2,2,1,21.58,7.2
459,40,1,2,2,3,171.81,6.5
460,40,1,1,1,3,244.2,4.8
461,40,3,1,2,1,31.84,7.7
462,40,2,1,1,3,63.24,7.3
463,40,2,1,1,6,95.7,5.1
464,40,3,1,1,10,222.4,4.2
465,40,2,2,1,6,74.7,4.1
466,40,2,2,2,7,449.82,5.7
467,40,1,1,2,6,395.46,5.7
468,41,3,1,1,7,375.55,5.2
469,41,1,2,1,4,139.36,7.4
470,41,3,1,1,5,222.95,8.5
471,41,3,2,2,1,74.07,9.9
472,41,1,1,2,3,144.27,7.8
473,41,2,1,1,10,781.3,4.4
474,41,3,1,1,10,301.4,9.2
475,41,1,1,2,7,258.37,6.7
476,41,2,2,1,2,66.94,6.7
477,41,1,1,2,6,113.58,8.1
478,41,2,1,1,7,513.66,9.5
479,42,2,1,2,5,433.45,9.4
480,42,2,2,2,10,892.0,4.4
481,42,1,2,1,9,756.81,8.0
482,42,1,1,1,10,772.0,5.6
483,42,1,2,1,3,231.12,7.2
484,42,3,2,2,3,240.24,5.4
485,42,2,2,2,10,621.2,5.9
486,42,3,2,1,4,379.04,7.8
487,43,1,1,1,1,39.48,6.5
488,43,2,1,1,10,871.0,9.9
489,43,2,1,2,1,52.35,4.0
490,43,1,2,2,8,758.96,8.7
491,43,1,1,2,10,603.8,6.0
492,43,3,2,1,5,234.75,7.1
493,43,3,2,2,6,152.58,7.0
494,43,3,1,1,2,143.26,8.8
495,44,3,1,2,1,76.82,7.2
496,44,1,1,1,4,80.72,5.0
497,44,2,1,1,2,185.96,8.0
498,44,1,1,1,5,147.8,6.9
499,44,2,2,1,7,157.57,4.8
500,44,2,1,1,2,29.74,8.9
501,44,3,1,2,4,129.0,6.5
502,44,1,2,2,6,82.14,6.3
503,45,3,1,2,1,91.3,9.2
504,45,3,2,2,3,133.95,6.2
505,45,1,1,2,4,302.96,7.6
506,45,1,1,1,7,420.56,4.5
507,45,2,1,2,10,276.6,8.9
508,45,2,1,2,2,198.74,5.2
509,45,2,2,1,2,116.64,6.0
510,45,3,2,1,8,796.48,5.2
511,46,2,2,1,10,328.0,6.2
512,46,3,2,2,3,156.6,9.5
513,46,3,2,1,8,559.68,6.4
514,46,1,2,1,7,509.88,8.4
515,46,2,1,1,1,98.84,8.4
516,46,1,1,1,7,538.3,7.7
517,46,1,1,1,9,696.6,4.5
518,46,3,2,1,3,201.3,7.5
519,46,2,2,2,8,269.12,9.3
520,46,2,1,2,4,274.2,9.2
521,46,2,1,1,3,74.22,10.0
522,46,3,2,2,6,91.56,9.8
523,46,1,1,2,1,88.31,5.2
524,46,1,2,1,9,794.25,7.6
525,46,1,2,2,6,345.54,5.1
526,46,2,1,1,3,241.44,8.1
527,46,1,1,2,5,88.85,5.4
528,46,2,1,1,10,993.0,6.6
529,46,3,2,2,3,155.82,7.9
530,47,2,1,1,6,286.26,4.4
531,47,3,1,2,7,173.74,7.1
532,47,2,1,2,5,60.25,5.5
533,47,1,2,2,10,519.1,8.2
534,47,1,2,1,9,328.59,4.2
535,47,1,1,2,4,240.72,9.4
536,47,2,1,1,7,684.53,4.9
537,47,1,1,2,1,91.35,6.8
538,48,2,2,1,9,419.94,5.3
539,48,1,1,1,8,285.92,4.9
540,48,2,1,1,7,475.93,5.7
541,48,3,1,1,8,710.32,4.1
542,48,2,2,2,5,59.05,9.4
543,48,3,1,2,8,647.68,7.4
544,48,1,1,2,6,524.7,8.8
545,48,3,2,2,5,172.8,9.9
546,48,3,2,2,3,98.7,9.1
547,48,2,1,1,5,356.95,5.5
548,48,3,2,2,9,882.81,9.3
549,48,3,1,1,3,276.27,4.2
550,48,3,2,2,3,136.14,7.2
551,49,3,1,1,6,206.52,9.8
552,49,2,2,2,3,270.66,6.2
553,49,1,2,1,2,29.52,4.3
554,49,2,1,1,1,60.95,5.9
555,49,3,1,1,7,618.38,6.6
556,49,2,1,2,4,176.28,8.4
557,49,3,1,1,1,62.48,4.7
558,50,3,2,1,2,196.96,9.2
559,50,3,1,1,9,887.94,8.4
560,50,3,2,2,5,253.95,5.3
561,50,2,2,2,8,575.12,5.5
562,50,2,2,2,8,174.4,8.3
563,50,1,1,1,7,448.56,7.3
564,50,2,2,1,9,698.67,7.2
565,50,2,2,1,4,164.96,7.1
566,50,3,1,2,9,626.22,7.8
567,51,1,1,1,3,164.52,5.9
568,51,1,2,2,10,399.0,5.9
569,51,3,1,2,2,75.38,9.5
570,51,1,1,2,10,319.9,9.9
571,51,1,2,2,4,241.2,5.8
572,51,2,1,1,1,86.27,7.0
573,51,3,1,2,5,461.45,9.0
574,51,1,1,2,3,173.22,7.7
575,51,1,2,2,5,333.4,7.6
576,51,3,2,1,10,323.2,10.0
577,52,1,1,2,4,295.28,6.7
578,52,3,1,1,3,283.92,5.5
579,52,1,1,2,3,119.73,9.3
580,52,2,2,1,5,418.3,7.2
581,52,2,2,1,2,197.6,7.7
582,52,2,1,1,1,12.54,8.2
583,53,3,2,2,1,65.82,4.1
584,53,1,2,1,5,198.75,9.6
585,53,2,1,1,1,30.41,8.4
586,53,1,2,2,10,174.9,6.6
587,53,2,2,2,7,668.43,8.7
588,53,2,1,1,2,25.46,5.2
589,53,1,2,2,3,206.91,8.7
590,53,1,2,1,1,47.44,6.8
591,53,3,1,1,10,174.2,7.0
592,53,1,2,1,9,488.79,8.9
593,53,3,1,1,10,244.9,8.1
594,54,2,2,2,1,35.89,7.9
595,54,1,2,1,4,71.88,6.4
596,54,1,2,1,8,119.68,8.6
597,54,1,1,1,3,296.37,6.4
598,54,2,1,2,7,408.73,8.2
599,54,1,1,1,9,680.31,8.0
600,54,3,1,1,4,293.88,6.0
601,54,2,1,1,4,321.44,8.3
602,55,2,2,2,6,334.38,7.0
603,55,3,1,1,2,95.36,4.1
604,55,2,1,1,5,50.8,4.1
605,55,1,2,1,8,211.44,8.9
606,55,2,2,1,10,735.6,8.0
607,55,1,1,2,2,167.54,4.6
608,55,1,2,1,6,347.7,5.2
609,55,3,2,1,10,402.6,5.0
610,55,2,2,2,10,247.4,7.1
611,56,3,1,1,5,457.05,7.1
612,56,1,2,2,5,470.65,4.8
613,56,3,1,1,3,298.8,5.8
614,56,3,1,1,6,413.04,5.8
615,56,1,1,1,5,410.2,7.6
616,56,2,2,2,1,48.61,4.4
617,56,2,1,2,5,430.2,4.8
618,56,1,2,2,1,88.45,9.5
619,56,1,2,2,4,250.28,9.5
620,56,1,1,2,1,39.75,6.1
621,56,3,2,1,4,292.2,4.9
622,56,1,2,1,10,527.9,10.0
623,56,3,2,2,3,195.54,6.3
624,56,1,1,2,8,340.56,5.6
625,56,1,1,1,4,251.4,8.7
626,56,3,2,2,1,63.69,6.0
627,57,2,2,1,9,206.37,5.5
628,57,1,1,2,6,159.6,4.9
629,57,1,2,1,6,598.26,7.9
630,57,1,2,2,1,54.45,7.9
631,57,1,2,2,2,199.78,7.1
632,57,3,2,1,2,93.22,6.6
633,57,1,1,1,4,382.16,4.5
634,57,3,1,2,1,55.45,4.9
635,57,1,1,1,6,544.2,5.3
636,58,1,1,2,9,510.21,8.4
637,58,1,2,2,5,336.35,6.9
638,58,1,1,1,10,197.7,5.0
639,58,1,2,1,6,461.94,6.1
640,58,3,2,1,9,701.37,7.6
641,58,3,1,2,7,648.2,9.3
642,58,2,2,1,1,99.69,8.0
643,58,2,2,1,8,755.76,9.1
644,58,2,1,1,7,601.09,8.0
645,58,3,1,2,2,42.96,6.6
646,58,1,2,1,10,135.0,4.8
647,58,3,1,2,10,188.5,5.6
648,58,1,2,2,3,157.26,7.5
649,58,3,2,1,10,744.4,5.1
650,59,1,2,1,10,410.9,7.3
651,59,3,2,2,3,168.0,4.8
652,59,2,2,1,8,687.84,8.2
653,59,3,1,2,6,483.72,9.1
654,59,2,1,2,2,186.4,6.0
655,59,1,2,2,1,60.3,6.0
656,60,1,2,2,3,82.5,6.5
657,60,2,1,1,4,299.56,4.2
658,60,3,2,1,10,454.8,4.8
659,60,1,1,2,1,53.72,6.4
660,60,1,1,2,7,569.17,6.3
661,60,3,2,2,2,69.46,9.7
662,60,2,2,2,9,706.95,7.2
663,60,3,1,1,4,89.28,4.4
664,60,1,2,2,2,139.02,8.1
665,60,1,2,2,3,44.46,8.7
666,61,1,1,1,3,78.78,6.3
667,61,2,1,1,10,545.5,7.1
668,61,3,1,1,2,78.94,5.0
669,61,1,2,1,10,973.8,4.4
670,61,2,1,1,5,462.45,8.6
671,61,1,1,2,9,243.0,4.8
672,61,1,2,1,9,897.57,6.5
673,61,1,1,1,9,795.51,6.3
674,61,2,2,1,3,81.06,7.1
675,61,1,1,1,5,66.1,4.3
676,61,3,1,2,3,265.89,6.0
677,61,1,2,1,2,76.54,5.8
678,61,2,1,2,7,599.2,5.3
679,61,2,2,1,7,517.86,4.1
680,61,1,2,2,2,50.62,7.2
681,61,1,2,1,3,220.23,4.0
682,61,2,2,1,2,28.78,7.2
683,61,3,2,2,4,266.08,6.9
684,62,2,1,2,6,279.18,4.3
685,62,3,1,2,8,177.36,9.6
686,62,2,1,2,10,819.7,9.2
687,62,2,1,1,5,259.6,7.5
688,62,2,2,1,8,352.08,8.8
689,62,2,2,2,8,166.8,6.3
690,62,3,2,2,1,46.41,4.0
691,62,3,2,2,1,25.0,5.5
692,62,3,2,2,7,202.65,6.0
693,62,1,1,1,8,755.92,7.5
694,62,2,1,1,8,241.6,5.1
695,62,1,1,2,8,240.96,7.7
696,62,3,2,2,7,324.31,7.4
697,62,1,1,1,10,730.5,8.7
698,63,3,2,1,9,299.7,7.2
699,63,3,2,1,4,298.64,8.5
700,63,2,1,1,8,789.6,7.6
701,63,3,2,1,3,206.13,8.7
702,63,3,1,1,9,440.64,8.0
703,63,3,2,1,4,226.12,5.5
704,63,3,2,2,5,73.1,4.4
705,63,3,1,2,6,598.98,8.5
706,63,3,2,1,7,86.38,6.7
707,63,2,2,1,1,30.24,8.4
708,63,1,1,2,9,173.16,8.0
709,63,3,1,2,10,486.3,8.8
710,64,1,1,1,6,246.36,8.3
711,64,1,1,1,3,145.56,4.0
712,64,1,1,2,3,54.24,8.0
713,64,1,2,2,10,697.4,8.9
714,64,2,1,1,10,121.2,8.4
715,64,1,1,1,8,202.56,8.7
716,64,2,1,1,5,221.1,8.6
717,64,1,1,1,7,391.79,8.9
718,64,1,2,1,8,763.68,4.7
719,64,1,2,2,6,496.2,7.4
720,64,3,2,2,3,234.93,5.4
721,64,2,1,2,7,457.17,4.2
722,64,1,1,2,5,109.7,5.3
723,64,3,2,1,2,163.82,7.8
724,64,2,2,1,7,581.42,4.0
725,64,1,2,2,3,263.94,5.1
726,64,2,1,1,10,783.1,6.6
727,65,1,1,2,9,335.88,5.1
728,65,1,2,2,5,141.9,9.4
729,65,3,1,1,6,552.78,8.3
730,65,1,2,2,7,434.56,5.4
731,65,1,2,1,5,337.15,6.3
732,65,3,1,2,10,158.1,8.6
733,65,3,2,1,1,79.74,7.3
734,65,3,1,2,9,193.5,7.8
735,65,1,1,2,8,574.88,6.2
736,65,1,1,2,2,99.84,7.0
737,65,2,2,2,1,37.0,7.9
738,66,2,2,2,4,336.28,4.4
739,66,1,2,2,2,32.32,6.5
740,66,2,2,1,4,65.8,5.6
741,66,2,2,2,2,199.58,8.0
742,66,3,1,1,9,139.95,5.0
743,66,3,1,1,4,113.24,8.2
744,66,3,2,2,1,97.94,6.9
745,66,2,2,2,6,133.26,8.6
746,66,1,2,2,5,251.4,9.7
747,67,3,2,2,1,97.16,7.2
748,67,2,1,2,4,68.16,7.0
749,67,2,2,1,5,76.4,9.6
750,67,3,2,2,6,203.94,7.7
751,67,3,2,1,5,308.85,6.7
752,67,2,2,2,2,86.54,5.7
753,67,3,1,1,10,906.5,7.3
754,67,1,1,1,5,88.15,8.5
755,67,2,2,1,10,375.5,9.3
756,67,2,2,1,6,487.8,5.3
757,67,2,2,1,6,277.56,9.5
758,68,1,1,1,4,375.84,9.5
759,68,3,2,2,4,206.84,9.8
760,68,2,1,1,9,890.73,6.7
761,68,1,1,2,9,899.64,4.2
762,68,3,2,2,2,121.74,8.7
763,68,3,1,2,10,519.4,6.5
764,68,3,1,1,10,522.6,6.2
765,68,1,2,2,7,668.78,9.6
766,68,1,1,1,8,451.76,7.3
767,68,1,1,2,4,102.04,6.8
768,68,1,1,1,7,365.26,9.3
769,68,2,1,2,5,244.55,6.6
770,68,2,2,2,1,16.28,5.0
771,68,2,2,1,6,455.46,8.7
772,68,3,1,2,5,498.9,5.4
773,68,3,2,1,8,778.32,6.2
774,69,3,2,2,3,77.52,6.6
775,69,3,2,2,2,116.06,8.8
776,69,1,2,1,1,25.45,5.1
777,69,1,2,2,7,127.54,6.6
778,69,1,2,1,3,172.02,7.9
779,69,2,1,2,10,819.5,6.0
780,69,3,2,1,7,655.83,4.5
781,69,2,1,1,9,322.11,5.1
782,69,3,1,2,5,313.1,7.0
783,69,3,2,1,2,175.34,7.7
784,69,2,2,2,3,137.22,6.5
785,69,3,1,2,7,70.91,8.3
786,70,1,2,1,2,80.6,4.4
787,70,3,1,1,7,482.51,4.6
788,70,2,2,2,6,280.62,6.0
789,70,2,1,2,7,241.92,7.3
790,70,3,2,2,2,119.54,5.8
791,70,3,2,1,8,507.36,7.4
792,70,3,2,1,4,378.68,6.8
793,70,3,2,1,5,141.6,6.2
794,70,2,1,1,7,207.69,8.1
795,70,1,1,1,5,172.45,9.0
796,70,1,1,1,7,207.27,6.5
797,71,1,1,1,7,285.11,5.4
798,71,3,1,1,7,688.8,8.7
799,71,3,1,1,4,190.68,9.1
800,71,2,2,2,6,183.66,9.3
801,71,2,1,2,4,377.04,8.6
802,71,1,2,2,4,390.96,6.4
803,71,1,1,2,9,579.24,8.6
804,71,2,1,2,7,385.28,5.2
805,71,2,2,2,4,184.88,6.2
806,71,2,2,2,4,166.0,8.2
807,71,1,1,1,3,31.77,8.7
808,71,1,1,2,1,39.01,4.7
809,72,2,2,2,1,56.5,9.6
810,72,3,2,1,5,271.35,4.6
811,72,1,1,1,4,153.2,5.7
812,72,3,1,2,10,158.7,5.8
813,72,3,2,2,7,320.53,7.0
814,72,2,1,2,2,145.76,6.1
815,72,1,2,2,10,181.1,5.9
816,72,1,2,1,2,69.4,8.2
817,72,2,1,2,8,511.28,4.6
818,72,2,2,1,8,97.52,6.8
819,73,2,2,1,9,461.88,5.6
820,73,2,1,2,1,42.85,9.3
821,73,3,1,2,2,46.96,7.9
822,73,2,2,1,6,420.66,5.2
823,73,1,1,1,7,383.11,8.5
824,73,2,2,2,4,141.88,6.9
825,73,3,2,2,7,696.85,7.6
826,73,2,2,2,7,194.95,6.0
827,73,3,1,1,9,877.32,7.4
828,73,2,1,1,6,211.32,6.5
829,73,1,1,1,4,89.28,4.1
830,73,1,2,2,9,194.22,7.3
831,73,2,1,2,5,439.55,4.4
832,73,2,2,2,10,775.6,6.9
833,73,1,2,1,8,425.68,5.0
834,73,2,2,2,10,596.1,5.3
835,73,1,1,2,10,825.8,5.0
836,73,3,2,1,3,47.07,5.8
837,74,3,2,2,9,224.01,7.4
838,74,1,2,2,2,66.4,4.4
839,74,1,1,2,8,724.24,6.5
840,74,1,2,2,8,86.0,6.2
841,74,3,1,1,10,196.6,7.2
842,74,1,1,2,3,290.4,5.3
843,74,2,2,2,8,522.08,6.3
844,74,1,2,2,9,122.31,5.8
845,74,1,2,2,2,54.36,4.3
846,74,1,1,1,4,229.96,6.6
847,74,3,2,2,2,193.16,5.1
848,74,1,2,2,1,92.78,9.8
849,75,2,2,2,4,389.04,6.8
850,75,2,2,1,9,790.2,9.2
851,75,3,2,1,5,318.05,4.8
852,75,2,1,2,2,30.74,7.2
853,75,3,2,2,8,580.0,9.2
854,75,1,2,2,1,74.97,5.6
855,75,1,2,1,4,382.56,7.9
856,75,3,2,2,4,95.0,5.2
857,75,1,2,2,10,343.7,6.7
858,76,1,2,1,9,101.52,4.3
859,76,2,1,1,1,22.62,6.4
860,76,2,1,2,10,351.9,8.4
861,76,1,2,1,6,327.06,7.8
862,76,3,1,2,10,769.2,5.6
863,76,3,2,1,4,309.88,4.2
864,77,3,2,1,4,204.76,4.7
865,77,1,2,2,3,299.1,4.7
866,77,2,1,2,1,91.98,9.8
867,77,3,2,1,5,166.3,4.2
868,77,2,1,1,10,285.3,7.8
869,77,2,1,1,1,51.47,8.5
870,77,1,2,2,3,132.36,7.9
871,78,2,1,1,10,826.3,7.9
872,78,1,1,2,8,203.36,6.7
873,78,3,2,2,9,687.6,7.5
874,78,1,2,2,7,212.45,8.0
875,78,3,1,1,2,166.68,7.6
876,78,2,1,1,4,302.12,8.3
877,78,1,1,2,4,155.24,4.9
878,78,3,2,1,9,675.54,6.2
879,78,2,2,2,9,893.16,9.0
880,78,2,1,1,8,708.4,4.7
881,78,2,2,1,2,53.22,4.2
882,78,2,2,1,1,46.2,6.3
883,78,2,2,2,4,264.56,5.6
884,78,3,1,2,4,93.16,5.9
885,78,3,2,1,1,15.5,7.4
886,78,3,2,2,5,163.55,9.9
887,79,1,1,1,3,62.61,8.0
888,79,3,1,1,9,348.48,4.2
889,79,1,2,2,2,198.5,9.0
890,79,3,1,2,6,447.06,5.0
891,79,1,2,2,5,461.8,4.9
892,79,1,1,2,3,239.73,5.0
893,79,3,1,1,1,91.61,9.8
894,79,3,2,2,9,845.64,9.8
895,79,2,1,2,5,126.25,6.1
896,79,2,1,2,10,709.9,5.7
897,79,2,1,1,6,499.02,7.3
898,79,3,1,2,10,440.2,9.6
899,79,3,2,2,2,86.5,6.2
900,79,1,1,2,1,33.63,5.6
901,79,1,2,2,8,607.36,5.5
902,80,3,1,1,3,79.44,4.7
903,80,3,2,1,8,720.16,4.5
904,80,3,1,2,9,304.56,8.8
905,80,3,1,1,5,142.25,9.1
906,80,1,1,1,4,197.96,6.6
907,80,2,2,1,6,343.74,5.9
908,81,3,1,1,8,420.72,8.5
909,81,3,2,2,8,407.44,9.2
910,81,3,2,1,5,282.8,4.5
911,81,3,2,2,6,372.78,7.4
912,81,3,2,2,5,429.55,8.6
913,81,1,1,1,4,71.48,6.5
914,81,1,1,1,8,707.44,4.3
915,81,3,2,2,1,95.15,6.0
916,81,1,2,2,6,222.12,4.5
917,81,3,2,2,1,18.28,8.3
918,82,3,2,2,3,158.25,9.3
919,82,3,2,1,1,25.29,6.1
920,82,3,2,2,4,148.6,8.3
921,82,2,1,2,7,471.73,6.9
922,82,3,1,1,10,734.7,9.5
923,82,3,1,2,10,155.0,8.0
924,82,2,2,1,8,439.36,7.6
925,82,1,1,1,4,366.16,4.8
926,82,2,1,1,7,568.4,8.1
927,82,2,2,2,7,389.27,8.5
928,82,3,2,2,6,443.28,4.4
929,83,1,1,1,6,352.5,5.9
930,83,3,1,2,4,263.76,6.0
931,83,2,1,2,5,73.5,8.5
932,83,1,2,1,5,414.4,6.6
933,83,1,2,1,5,123.85,8.5
934,83,2,2,2,10,649.5,5.2
935,83,2,1,1,4,313.52,7.9
936,83,2,2,1,9,305.82,4.2
937,83,3,1,1,2,140.64,9.6
938,83,2,1,2,1,74.86,6.9
939,83,1,2,2,6,599.52,7.1
940,84,1,2,1,2,186.62,6.3
941,84,1,2,2,4,211.56,6.7
942,84,2,2,2,7,597.73,4.1
943,84,2,2,1,6,236.58,9.4
944,84,3,2,1,3,47.4,9.5
945,84,2,2,2,5,382.6,9.9
946,84,3,2,1,4,221.56,8.0
947,84,3,1,2,7,135.24,6.9
948,84,3,1,2,4,145.44,7.6
949,85,3,2,1,4,257.08,7.7
950,85,3,1,1,5,138.65,4.2
951,85,3,1,2,7,505.4,4.3
952,85,2,1,2,2,87.4,4.9
953,85,3,1,2,3,123.84,8.5
954,85,1,2,1,3,137.13,7.7
955,85,1,1,1,9,110.61,8.0
956,85,1,1,1,1,39.12,9.6
957,85,3,2,2,1,52.38,5.8
958,85,2,1,2,2,168.5,5.3
959,85,2,1,2,1,48.71,4.1
960,85,2,2,1,9,146.79,8.4
961,85,3,1,1,5,53.45,7.6
962,86,3,2,1,3,157.02,9.2
963,86,3,1,2,7,345.66,7.3
964,86,1,2,2,6,560.34,10.0
965,86,3,1,2,2,88.68,5.8
966,86,3,2,2,8,259.68,4.9
967,86,1,1,1,3,87.45,7.3
968,86,1,1,2,2,111.34,6.0
969,86,3,1,1,2,159.08,6.2
970,86,1,2,2,3,96.96,4.3
971,86,2,1,2,9,898.38,6.6
972,87,3,2,2,7,182.14,5.1
973,87,2,2,1,3,142.95,9.5
974,87,1,2,1,3,91.11,5.1
975,87,3,1,1,7,500.22,4.5
976,87,3,2,1,3,215.04,9.2
977,87,3,1,2,7,70.56,4.2
978,87,3,1,2,5,256.7,9.1
979,87,3,2,2,6,349.56,9.9
980,87,2,1,1,3,115.8,7.5
981,87,2,1,1,4,199.16,6.4
982,88,1,2,2,7,502.39,8.9
983,88,1,2,2,10,878.7,5.1
984,88,2,1,2,10,823.4,4.3
985,88,3,1,1,3,217.26,8.2
986,88,1,1,2,5,274.3,9.8
987,88,2,2,2,4,115.36,6.4
988,88,3,2,1,10,713.8,5.7
989,88,1,1,2,5,306.45,7.0
990,89,2,1,2,3,290.46,6.7
991,89,1,1,2,9,874.98,6.0
992,89,3,1,1,5,322.2,6.6
993,89,3,2,1,5,447.4,7.4
994,89,1,1,2,2,186.8,5.5
995,89,3,2,1,7,281.61,9.6
996,89,1,1,2,8,580.56,4.6
997,89,2,1,1,8,580.16,4.0
998,89,2,1,1,8,81.44,9.5
999,89,3,1,1,6,206.52,7.5
1000,89,2,2,2,6,421.26,7.4
