product_perform_id,product_line_id,branch_id,date_id,unit_price,quantity,cogs,rating
1,1,1,1,84.63,10,846.3,9.0
2,2,2,1,63.22,2,126.44,8.5
3,2,1,1,74.71,6,448.26,6.7
4,3,2,1,36.98,10,369.8,7.0
5,3,3,1,27.04,4,108.16,6.9
6,4,3,1,65.74,9,591.66,7.7
7,5,3,1,47.59,8,380.72,5.7
8,3,3,1,72.61,6,435.66,6.9
9,6,2,1,62.87,2,125.74,5.0
10,1,1,1,21.12,8,168.96,6.3
11,3,2,1,29.22,6,175.32,5.0
12,2,3,1,74.22,10,742.2,4.3
13,3,3,2,42.47,1,42.47,5.7
14,4,1,2,40.61,9,365.49,7.0
15,3,1,2,44.63,6,267.78,5.1
16,1,3,2,41.66,6,249.96,5.6
17,3,2,2,31.67,8,253.36,5.6
18,6,1,2,34.21,10,342.1,5.1
19,2,1,2,22.01,6,132.06,7.6
20,4,2,2,99.82,2,199.64,6.7
21,5,1,3,63.15,6,378.9,9.8
22,6,2,3,75.88,1,75.88,7.1
23,3,1,3,93.38,1,93.38,9.6
24,6,3,3,70.01,5,350.05,5.5
25,6,3,3,23.03,9,207.27,7.9
26,6,2,3,21.12,2,42.24,9.7
27,5,3,3,67.09,5,335.45,9.1
28,6,1,3,62.0,8,496.0,6.2
29,3,1,4,46.42,3,139.26,4.4
30,6,3,4,20.97,5,104.85,7.8
31,2,2,4,66.65,9,599.85,9.7
32,5,3,4,35.54,10,355.4,7.0
33,4,1,4,68.71,4,274.84,4.1
34,2,1,4,72.17,1,72.17,6.1
35,4,2,5,31.9,1,31.9,9.1
36,4,2,5,27.38,6,164.28,7.9
37,5,1,5,35.38,9,318.42,9.6
38,4,2,5,76.06,3,228.18,9.8
39,6,3,5,74.69,7,522.83,9.1
40,1,1,5,71.2,1,71.2,9.2
41,5,3,5,70.74,4,282.96,4.4
42,2,3,5,93.88,7,657.16,7.3
43,6,2,5,78.89,7,552.23,7.5
44,4,1,5,73.96,1,73.96,5.0
45,5,3,5,62.65,4,250.6,4.2
46,5,3,5,42.91,5,214.55,6.1
47,5,1,6,62.19,4,248.76,4.3
48,1,2,6,89.48,10,894.8,9.6
49,3,3,6,15.34,1,15.34,6.5
50,6,1,6,80.47,9,724.23,9.2
51,5,3,6,58.9,8,471.2,8.9
52,4,2,6,81.68,4,326.72,9.1
53,1,3,6,40.94,5,204.7,9.9
54,3,3,6,64.59,4,258.36,9.3
55,4,3,6,42.57,7,297.99,6.8
56,4,1,7,47.97,7,335.79,6.2
57,5,2,7,21.82,10,218.2,7.1
58,1,2,7,27.22,3,81.66,7.3
59,3,2,7,68.12,1,68.12,6.8
60,2,3,7,77.72,4,310.88,8.8
61,5,3,7,21.54,9,193.86,8.8
62,4,1,7,97.61,6,585.66,9.9
63,3,3,7,60.95,9,548.55,6.0
64,1,1,7,89.14,4,356.56,7.8
65,4,2,8,51.89,7,363.23,4.5
66,1,1,8,33.21,10,332.1,6.0
67,4,2,8,31.73,9,285.57,5.9
68,5,1,8,49.1,2,98.2,6.4
69,5,2,8,45.38,4,181.52,8.7
70,5,2,8,55.57,3,166.71,5.9
71,1,2,8,68.54,8,548.32,8.5
72,4,1,8,65.23,10,652.3,5.2
73,4,2,8,12.78,1,12.78,9.5
74,1,1,8,74.6,10,746.0,9.5
75,3,1,8,64.83,2,129.66,8.0
76,3,3,8,37.14,5,185.7,5.0
77,2,3,8,50.23,4,200.92,9.0
78,3,3,8,12.76,2,25.52,7.8
79,2,3,8,79.59,3,238.77,6.6
80,3,1,8,48.5,3,145.5,6.7
81,1,2,8,24.31,3,72.93,4.3
82,1,2,8,72.88,9,655.92,4.0
83,3,1,9,11.85,8,94.8,4.1
84,2,2,9,96.37,7,674.59,6.0
85,4,2,9,49.32,6,295.92,7.1
86,5,1,9,21.9,3,65.7,4.7
87,4,3,9,38.54,5,192.7,5.6
88,4,2,9,49.04,9,441.36,8.6
89,5,2,9,15.8,10,158.0,7.8
90,3,2,9,95.44,10,954.4,5.2
91,4,1,10,79.86,7,559.02,5.5
92,2,2,10,74.79,5,373.95,4.9
93,6,3,10,36.26,2,72.52,7.2
94,2,1,10,13.78,4,55.12,9.0
95,1,2,10,50.49,9,454.41,5.4
96,5,3,10,78.38,6,470.28,5.8
97,3,3,10,21.98,7,153.86,5.1
98,3,2,10,83.14,7,581.98,6.6
99,3,1,10,83.78,8,670.24,5.1
100,1,3,11,24.94,9,224.46,5.6
101,4,3,11,89.69,1,89.69,4.9
102,1,2,11,36.77,7,257.39,7.4
103,3,3,11,82.33,4,329.32,7.5
104,3,2,11,87.16,2,174.32,9.7
105,1,3,11,48.5,6,291.0,9.4
106,5,3,11,96.52,6,579.12,4.5
107,1,3,11,13.79,5,68.95,7.8
108,3,2,12,57.12,7,399.84,6.5
109,6,1,12,57.22,2,114.44,8.3
110,2,1,12,91.56,8,732.48,6.0
111,6,1,12,27.07,1,27.07,5.3
112,4,1,12,83.25,10,832.5,4.4
113,2,3,12,88.67,10,886.7,7.3
114,4,3,12,29.42,10,294.2,8.9
115,4,3,12,20.01,9,180.09,5.7
116,3,1,12,23.01,6,138.06,7.9
117,5,2,12,97.5,10,975.0,8.0
118,5,1,12,51.07,7,357.49,7.0
119,3,1,13,72.6,6,435.6,6.9
120,5,3,13,81.01,3,243.03,9.3
121,4,2,13,74.29,1,74.29,5.0
122,2,3,13,23.46,6,140.76,6.4
123,6,3,13,39.62,9,356.58,6.8
124,1,2,13,21.04,4,84.16,7.6
125,4,1,13,59.86,2,119.72,6.7
126,1,1,13,72.39,2,144.78,8.1
127,3,3,13,45.58,7,319.06,5.0
128,2,2,13,41.65,10,416.5,5.4
129,6,2,14,60.47,3,181.41,5.6
130,3,1,14,34.81,1,34.81,7.0
131,4,1,14,18.08,4,72.32,9.5
132,4,3,14,96.7,5,483.5,7.0
133,1,1,14,99.69,5,498.45,9.9
134,6,1,14,17.75,1,17.75,8.6
135,1,2,14,84.83,1,84.83,8.8
136,6,2,14,53.19,7,372.33,5.0
137,1,1,14,73.06,7,511.42,4.2
138,1,2,14,31.77,4,127.08,6.2
139,2,2,14,44.84,9,403.56,7.5
140,4,3,14,56.04,10,560.4,4.4
141,2,2,14,61.41,7,429.87,9.8
142,5,3,15,89.21,9,802.89,6.5
143,2,1,15,75.66,5,378.3,7.8
144,5,1,15,97.37,10,973.7,4.9
145,3,3,15,19.1,7,133.7,9.7
146,1,3,15,83.77,2,167.54,7.0
147,2,2,15,55.87,10,558.7,5.8
148,6,1,15,66.47,10,664.7,5.0
149,3,1,15,93.72,6,562.32,4.5
150,5,3,15,11.43,6,68.58,7.7
151,4,1,15,73.52,2,147.04,4.6
152,6,2,15,81.23,7,568.61,9.0
153,1,2,15,17.44,5,87.2,8.1
154,2,3,15,60.88,9,547.92,4.7
155,5,2,16,95.58,10,955.8,4.8
156,3,1,16,90.74,7,635.18,6.2
157,1,2,16,93.26,9,839.34,8.8
158,3,2,16,17.14,7,119.98,7.9
159,4,1,16,39.21,4,156.84,9.0
160,5,3,16,63.56,10,635.6,4.3
161,3,2,16,15.49,2,30.98,6.3
162,4,1,16,51.36,1,51.36,5.2
163,3,3,16,93.18,2,186.36,8.5
164,1,2,16,52.6,9,473.4,7.6
165,3,1,17,40.62,2,81.24,4.1
166,1,3,17,81.21,10,812.1,6.3
167,1,1,17,57.89,2,115.78,8.9
168,5,3,17,21.52,6,129.12,9.4
169,5,1,17,94.59,7,662.13,4.9
170,6,2,17,62.82,2,125.64,4.9
171,1,2,17,65.65,2,131.3,6.0
172,3,2,17,71.92,5,359.6,4.3
173,3,3,17,25.7,3,77.1,6.1
174,5,1,17,86.72,1,86.72,7.9
175,3,3,17,58.91,7,412.37,9.7
176,4,3,18,88.15,3,264.45,7.9
177,6,2,18,39.42,1,39.42,8.4
178,2,3,18,26.31,5,131.55,8.8
179,4,2,18,60.74,7,425.18,5.0
180,1,1,18,19.79,8,158.32,8.7
181,5,3,18,19.36,9,174.24,8.7
182,3,3,18,89.06,6,534.36,9.9
183,3,2,18,90.63,9,815.67,5.1
184,4,1,18,17.48,6,104.88,6.1
185,2,1,19,12.1,8,96.8,8.6
186,3,2,19,80.93,1,80.93,9.0
187,4,3,19,99.1,6,594.6,4.2
188,3,1,19,63.06,3,189.18,7.0
189,3,3,19,64.19,10,641.9,6.7
190,5,3,19,45.68,10,456.8,5.7
191,1,2,19,59.59,4,238.36,9.8
192,2,3,19,11.94,3,35.82,8.1
193,2,2,19,56.13,4,224.52,8.6
194,1,2,19,43.18,8,345.44,8.3
195,2,1,19,52.89,6,317.34,9.8
196,1,3,19,33.88,8,271.04,9.6
197,3,3,19,67.26,4,269.04,8.0
198,5,2,19,88.61,1,88.61,7.7
199,5,3,19,58.07,9,522.63,4.3
200,1,3,19,51.28,6,307.68,6.5
201,3,2,20,82.93,4,331.72,9.6
202,6,3,20,55.5,4,222.0,6.6
203,3,3,20,93.14,2,186.28,4.1
204,5,1,20,53.44,2,106.88,4.1
205,5,1,20,37.48,3,112.44,7.7
206,4,2,20,15.62,8,124.96,9.1
207,5,3,20,72.35,10,723.5,5.4
208,6,2,20,64.08,7,448.56,7.6
209,4,3,20,63.88,8,511.04,9.9
210,5,2,20,89.25,8,714.0,4.7
211,5,3,21,73.22,6,439.32,7.2
212,6,2,21,99.19,6,595.14,5.5
213,6,3,21,53.17,7,372.19,8.9
214,3,1,21,98.13,1,98.13,8.9
215,1,3,21,36.36,2,72.72,7.1
216,5,3,21,77.95,6,467.7,8.0
217,1,2,21,68.98,1,68.98,4.8
218,1,3,21,54.67,3,164.01,8.6
219,6,2,22,20.38,5,101.9,6.0
220,6,2,22,81.51,1,81.51,9.2
221,5,2,22,39.39,5,196.95,8.7
222,1,1,22,28.86,5,144.3,8.0
223,5,3,22,30.68,3,92.04,9.1
224,6,1,22,55.81,6,334.86,9.9
225,5,3,22,74.67,9,672.03,9.4
226,6,3,23,95.95,5,479.75,8.8
227,2,2,23,84.05,3,252.15,9.8
228,1,3,23,47.63,9,428.67,5.0
229,3,2,23,89.8,10,898.0,5.4
230,2,3,23,66.06,6,396.36,7.3
231,5,2,23,83.77,6,502.62,5.4
232,5,2,23,47.38,4,189.52,7.1
233,6,3,23,58.15,4,232.6,8.4
234,6,2,23,99.96,7,699.72,6.1
235,4,3,23,17.94,5,89.7,6.8
236,1,2,23,38.47,8,307.76,7.7
237,4,2,23,45.44,7,318.08,9.2
238,6,2,23,10.99,5,54.95,9.3
239,4,3,23,30.61,1,30.61,5.2
240,2,2,23,83.08,1,83.08,6.4
241,1,2,23,19.25,8,154.0,6.6
242,1,3,23,98.53,6,591.18,4.0
243,5,2,24,85.72,3,257.16,5.1
244,4,3,24,86.68,8,693.44,7.2
245,2,3,24,48.62,8,388.96,5.0
246,5,2,24,60.87,1,60.87,5.5
247,5,1,24,73.28,5,366.4,8.4
248,6,3,24,77.5,5,387.5,4.3
249,3,3,24,78.77,10,787.7,6.4
250,3,1,24,76.6,10,766.0,6.0
251,2,3,24,10.56,8,84.48,7.6
252,2,1,24,40.3,10,403.0,7.0
253,3,1,24,23.08,6,138.48,4.9
254,4,1,24,93.22,3,279.66,7.2
255,2,1,24,75.88,7,531.16,8.9
256,4,1,25,60.96,2,121.92,4.9
257,1,1,25,48.51,7,339.57,5.2
258,5,3,25,60.01,4,240.04,4.5
259,6,1,25,96.11,1,96.11,7.8
260,6,1,25,51.13,4,204.52,4.0
261,3,3,25,40.05,4,160.2,9.7
262,3,1,25,21.87,2,43.74,6.9
263,4,2,25,15.43,1,15.43,6.1
264,5,3,25,53.3,3,159.9,7.5
265,4,1,25,39.62,7,277.34,7.5
266,4,2,25,84.87,3,254.61,7.4
267,6,2,25,90.5,10,905.0,8.1
268,2,3,25,26.23,9,236.07,5.9
269,3,2,25,70.19,9,631.71,6.7
270,6,2,25,34.31,8,274.48,5.7
271,4,3,25,74.1,1,74.1,9.2
272,1,1,25,88.36,5,441.8,9.6
273,1,1,26,80.05,5,400.25,9.4
274,6,1,26,69.37,9,624.33,4.0
275,4,2,26,64.99,1,64.99,4.5
276,4,3,26,12.09,1,12.09,8.2
277,2,1,26,87.08,7,609.56,5.5
278,5,1,26,25.55,4,102.2,5.7
279,1,1,26,78.88,2,157.76,9.1
280,1,1,26,33.33,2,66.66,6.4
281,2,3,26,51.69,7,361.83,5.5
282,3,1,26,51.54,5,257.7,4.2
283,1,1,26,96.68,3,290.04,6.4
284,6,2,26,33.81,3,101.43,7.3
285,4,3,26,21.32,1,21.32,5.9
286,3,2,26,44.86,10,448.6,8.2
287,4,1,26,37.95,10,379.5,9.7
288,4,1,26,81.37,2,162.74,6.5
289,4,2,26,36.85,5,184.25,9.2
290,2,3,27,73.26,1,73.26,9.7
291,4,2,27,54.07,9,486.63,9.5
292,3,2,27,14.36,10,143.6,5.4
293,1,2,27,90.24,6,541.44,6.2
294,2,2,27,46.57,10,465.7,7.6
295,5,1,27,49.01,10,490.1,4.2
296,6,3,27,58.22,8,465.76,8.4
297,3,3,27,32.25,5,161.25,9.0
298,6,1,27,96.16,4,384.64,8.4
299,5,2,27,69.4,2,138.8,9.0
300,5,3,27,12.03,2,24.06,5.1
301,1,3,27,81.71,6,490.26,8.0
302,5,2,27,24.24,7,169.68,9.4
303,4,3,27,54.28,7,379.96,9.3
304,5,2,28,69.81,4,279.24,5.9
305,6,1,28,99.16,8,793.28,4.2
306,6,1,28,19.15,1,19.15,9.5
307,3,2,28,80.97,8,647.76,9.3
308,1,3,28,11.53,7,80.71,8.1
309,4,2,28,23.82,5,119.1,5.4
310,2,1,28,21.43,10,214.3,6.2
311,6,2,28,17.41,5,87.05,4.9
312,3,1,28,78.07,9,702.63,4.5
313,6,1,28,75.37,8,602.96,8.4
314,2,2,28,18.77,6,112.62,5.5
315,6,1,28,72.11,9,648.99,7.7
316,2,3,28,24.18,8,193.44,9.8
317,6,2,28,86.8,3,260.4,9.9
318,4,1,29,32.62,4,130.48,9.0
319,2,2,29,58.76,10,587.6,9.0
320,3,3,29,22.01,4,88.04,6.6
321,2,3,29,38.6,1,38.6,6.7
322,6,2,29,40.35,1,40.35,6.2
323,3,3,29,27.93,5,139.65,5.9
324,4,2,29,42.08,6,252.48,8.9
325,1,1,29,84.05,6,504.3,7.7
326,3,2,29,19.15,6,114.9,6.8
327,3,1,29,26.67,10,266.7,8.6
328,5,3,29,87.37,5,436.85,6.6
329,4,3,29,83.24,9,749.16,7.4
330,5,2,30,22.96,1,22.96,4.3
331,2,1,30,23.65,4,94.6,4.0
332,2,3,30,93.78,3,281.34,5.9
333,1,2,30,98.52,10,985.2,4.5
334,3,2,30,22.38,1,22.38,8.6
335,1,2,30,97.03,5,485.15,9.3
336,5,2,30,10.53,5,52.65,5.8
337,3,2,30,76.4,2,152.8,6.5
338,2,1,30,42.42,8,339.36,5.7
339,3,2,31,23.75,9,213.75,9.5
340,2,3,31,20.77,4,83.08,4.7
341,4,2,31,98.7,8,789.6,8.5
342,2,1,31,43.0,4,172.0,7.6
343,2,1,31,72.13,10,721.3,4.2
344,4,3,31,51.34,8,410.72,7.6
345,3,1,31,75.82,1,75.82,5.8
346,4,2,31,62.18,10,621.8,6.0
347,2,2,31,37.06,4,148.24,9.7
348,3,1,31,79.93,6,479.58,5.5
349,2,1,31,87.87,9,790.83,5.6
350,4,1,31,69.08,2,138.16,6.9
351,2,1,31,45.35,6,272.1,6.1
352,2,3,31,66.35,1,66.35,9.7
353,1,2,32,87.48,6,524.88,5.1
354,1,3,32,14.23,5,71.15,4.4
355,3,3,32,69.52,7,486.64,8.5
356,2,2,32,23.07,9,207.63,4.9
357,5,2,32,80.79,9,727.11,9.5
358,6,3,32,77.68,4,310.72,8.4
359,2,1,33,26.26,7,183.82,9.9
360,4,3,33,43.13,10,431.3,5.5
361,4,1,33,25.56,7,178.92,7.1
362,1,2,33,38.42,1,38.42,8.6
363,1,2,33,65.97,8,527.76,8.4
364,3,3,33,51.52,8,412.16,9.6
365,2,2,33,35.49,6,212.94,4.1
366,4,2,33,83.35,2,166.7,9.5
367,5,2,33,56.11,2,112.22,6.3
368,1,1,33,46.55,9,418.95,6.4
369,5,1,33,93.87,8,750.96,8.3
370,1,3,33,10.96,10,109.6,6.0
371,4,2,33,95.42,4,381.68,6.4
372,6,3,33,18.33,1,18.33,4.3
373,1,3,34,27.28,5,136.4,8.6
374,1,1,34,47.16,5,235.8,6.0
375,5,3,34,94.88,7,664.16,4.2
376,1,2,34,91.4,7,639.8,9.5
377,3,1,34,55.07,9,495.63,10.0
378,3,1,34,42.97,3,128.91,9.3
379,5,3,34,72.78,10,727.8,7.3
380,4,1,34,53.78,1,53.78,4.7
381,4,3,34,77.02,5,385.1,5.5
382,1,3,34,67.45,10,674.5,4.2
383,1,2,34,40.52,5,202.6,4.5
384,3,2,34,73.95,4,295.8,6.1
385,3,2,34,49.33,10,493.3,9.4
386,3,1,34,73.97,1,73.97,5.4
387,6,2,35,13.85,9,124.65,6.0
388,2,3,35,25.22,7,176.54,8.2
389,1,1,35,67.77,1,67.77,6.5
390,1,1,35,23.34,4,93.36,7.4
391,5,2,35,13.98,1,13.98,9.8
392,2,3,35,71.95,1,71.95,7.3
393,3,3,35,43.06,5,215.3,7.7
394,2,3,35,74.58,7,522.06,9.0
395,4,1,35,72.04,2,144.08,9.5
396,4,3,35,48.63,4,194.52,7.6
397,5,1,35,77.68,9,699.12,9.8
398,4,3,36,30.62,1,30.62,4.1
399,1,1,36,42.82,9,385.38,8.9
400,1,2,36,47.27,6,283.62,8.8
401,3,1,36,16.49,2,32.98,4.6
402,2,3,36,20.89,2,41.78,9.8
403,4,2,36,69.33,2,138.66,9.7
404,6,1,36,58.24,9,524.16,9.7
405,1,3,36,87.9,1,87.9,6.7
406,3,3,36,75.2,3,225.6,4.8
407,6,2,36,68.6,10,686.0,9.1
408,6,2,36,98.21,3,294.63,7.8
409,5,3,36,25.91,6,155.46,8.7
410,6,2,37,89.75,1,89.75,6.6
411,4,2,37,96.98,4,387.92,9.4
412,2,1,37,22.95,10,229.5,8.2
413,1,1,37,20.01,9,180.09,4.1
414,5,2,37,35.81,5,179.05,7.9
415,1,2,37,99.42,4,397.68,7.5
416,6,1,37,25.9,10,259.0,8.7
417,5,3,37,37.44,6,224.64,5.9
418,4,1,37,14.48,4,57.92,4.5
419,6,2,37,28.5,8,228.0,6.6
420,1,2,37,52.42,1,52.42,6.3
421,2,1,37,50.45,6,302.7,8.9
422,6,3,37,35.68,5,178.4,6.6
423,2,3,38,28.96,1,28.96,6.2
424,4,2,38,60.41,8,483.28,9.6
425,6,3,38,89.6,8,716.8,6.6
426,2,2,38,40.86,8,326.88,6.5
427,3,3,38,45.58,1,45.58,9.8
428,3,2,38,10.17,1,10.17,5.9
429,4,2,38,43.46,6,260.76,8.5
430,2,2,38,65.94,4,263.76,6.9
431,2,1,38,79.39,10,793.9,6.2
432,1,2,38,16.48,6,98.88,9.9
433,6,2,38,58.95,10,589.5,8.1
434,4,1,38,63.71,5,318.55,8.5
435,2,1,38,57.91,8,463.28,8.1
436,5,3,38,93.12,8,744.96,6.8
437,4,2,38,86.13,2,172.26,8.2
438,1,3,38,43.19,10,431.9,8.2
439,5,1,38,22.02,9,198.18,6.8
440,5,2,38,16.67,7,116.69,7.4
441,2,1,38,46.02,6,276.12,7.1
442,1,1,38,54.36,10,543.6,6.1
443,4,1,39,33.52,1,33.52,6.7
444,3,3,39,86.31,7,604.17,5.3
445,3,1,39,90.28,9,812.52,7.2
446,3,2,39,64.97,5,324.85,6.5
447,4,3,39,19.7,1,19.7,9.5
448,4,2,39,97.21,10,972.1,8.7
449,6,2,39,37.15,7,260.05,7.7
450,3,1,39,69.12,6,414.72,5.6
451,4,3,39,98.98,10,989.8,8.7
452,5,1,39,46.47,4,185.88,7.0
453,5,1,39,31.75,4,127.0,8.6
454,5,1,39,16.37,6,98.22,7.0
455,5,1,40,45.97,4,183.88,5.1
456,1,3,40,35.04,9,315.36,4.6
457,6,2,40,84.61,10,846.1,8.8
458,1,2,40,21.58,1,21.58,7.2
459,4,1,40,57.27,3,171.81,6.5
460,2,1,40,81.4,3,244.2,4.8
461,1,3,40,31.84,1,31.84,7.7
462,1,2,40,21.08,3,63.24,7.3
463,5,2,40,15.95,6,95.7,5.1
464,3,3,40,22.24,10,222.4,4.2
465,2,2,40,12.45,6,74.7,4.1
466,4,2,40,64.26,7,449.82,5.7
467,5,1,40,65.91,6,395.46,5.7
468,4,3,41,53.65,7,375.55,5.2
469,3,1,41,34.84,4,139.36,7.4
470,1,3,41,44.59,5,222.95,8.5
471,5,3,41,74.07,1,74.07,9.9
472,2,1,41,48.09,3,144.27,7.8
473,2,2,41,78.13,10,781.3,4.4
474,4,3,41,30.14,10,301.4,9.2
475,5,1,41,36.91,7,258.37,6.7
476,6,2,41,33.47,2,66.94,6.7
477,2,1,41,18.93,6,113.58,8.1
478,4,2,41,73.38,7,513.66,9.5
479,5,2,42,86.69,5,433.45,9.4
480,1,2,42,89.2,10,892.0,4.4
481,6,1,42,84.09,9,756.81,8.0
482,1,1,42,77.2,10,772.0,5.6
483,5,1,42,77.04,3,231.12,7.2
484,5,3,42,80.08,3,240.24,5.4
485,4,2,42,62.12,10,621.2,5.9
486,3,3,42,94.76,4,379.04,7.8
487,2,1,43,39.48,1,39.48,6.5
488,1,2,43,87.1,10,871.0,9.9
489,4,2,43,52.35,1,52.35,4.0
490,4,1,43,94.87,8,758.96,8.7
491,5,1,43,60.38,10,603.8,6.0
492,2,3,43,46.95,5,234.75,7.1
493,6,3,43,25.43,6,152.58,7.0
494,3,3,43,71.63,2,143.26,8.8
495,2,3,44,76.82,1,76.82,7.2
496,3,1,44,20.18,4,80.72,5.0
497,4,2,44,92.98,2,185.96,8.0
498,4,1,44,29.56,5,147.8,6.9
499,4,2,44,22.51,7,157.57,4.8
500,1,2,44,14.87,2,29.74,8.9
501,2,3,44,32.25,4,129.0,6.5
502,3,1,44,13.69,6,82.14,6.3
503,6,3,45,91.3,1,91.3,9.2
504,3,3,45,44.65,3,133.95,6.2
505,6,1,45,75.74,4,302.96,7.6
506,3,1,45,60.08,7,420.56,4.5
507,1,2,45,27.66,10,276.6,8.9
508,1,2,45,99.37,2,198.74,5.2
509,6,2,45,58.32,2,116.64,6.0
510,2,3,45,99.56,8,796.48,5.2
511,2,2,46,32.8,10,328.0,6.2
512,1,3,46,52.2,3,156.6,9.5
513,5,3,46,69.96,8,559.68,6.4
514,4,1,46,72.84,7,509.88,8.4
515,2,2,46,98.84,1,98.84,8.4
516,6,1,46,76.9,7,538.3,7.7
517,1,1,46,77.4,9,696.6,4.5
518,1,3,46,67.1,3,201.3,7.5
519,6,2,46,33.64,8,269.12,9.3
520,6,2,46,68.55,4,274.2,9.2
521,3,2,46,24.74,3,74.22,10.0
522,6,3,46,15.26,6,91.56,9.8
523,3,1,46,88.31,1,88.31,5.2
524,2,1,46,88.25,9,794.25,7.6
525,6,1,46,57.59,6,345.54,5.1
526,4,2,46,80.48,3,241.44,8.1
527,5,1,46,17.77,5,88.85,5.4
528,4,2,46,99.3,10,993.0,6.6
529,4,3,46,51.94,3,155.82,7.9
530,6,2,47,47.71,6,286.26,4.4
531,1,3,47,24.82,7,173.74,7.1
532,2,2,47,12.05,5,60.25,5.5
533,3,1,47,51.91,10,519.1,8.2
534,4,1,47,36.51,9,328.59,4.2
535,4,1,47,60.18,4,240.72,9.4
536,4,2,47,97.79,7,684.53,4.9
537,4,1,47,91.35,1,91.35,6.8
538,3,2,48,46.66,9,419.94,5.3
539,2,1,48,35.74,8,285.92,4.9
540,3,2,48,67.99,7,475.93,5.7
541,5,3,48,88.79,8,710.32,4.1
542,2,2,48,11.81,5,59.05,9.4
543,1,3,48,80.96,8,647.68,7.4
544,2,1,48,87.45,6,524.7,8.8
545,2,3,48,34.56,5,172.8,9.9
546,1,3,48,32.9,3,98.7,9.1
547,1,2,48,71.39,5,356.95,5.5
548,3,3,48,98.09,9,882.81,9.3
549,6,3,48,92.09,3,276.27,4.2
550,4,3,48,45.38,3,136.14,7.2
551,5,3,49,34.42,6,206.52,9.8
552,4,2,49,90.22,3,270.66,6.2
553,6,1,49,14.76,2,29.52,4.3
554,2,2,49,60.95,1,60.95,5.9
555,4,3,49,88.34,7,618.38,6.6
556,6,2,49,44.07,4,176.28,8.4
557,2,3,49,62.48,1,62.48,4.7
558,4,3,50,98.48,2,196.96,9.2
559,1,3,50,98.66,9,887.94,8.4
560,6,3,50,50.79,5,253.95,5.3
561,2,2,50,71.89,8,575.12,5.5
562,6,2,50,21.8,8,174.4,8.3
563,3,1,50,64.08,7,448.56,7.3
564,2,2,50,77.63,9,698.67,7.2
565,1,2,50,41.24,4,164.96,7.1
566,2,3,50,69.58,9,626.22,7.8
567,1,1,51,54.84,3,164.52,5.9
568,1,1,51,39.9,10,399.0,5.9
569,5,3,51,37.69,2,75.38,9.5
570,3,1,51,31.99,10,319.9,9.9
571,1,1,51,60.3,4,241.2,5.8
572,5,2,51,86.27,1,86.27,7.0
573,1,3,51,92.29,5,461.45,9.0
574,1,1,51,57.74,3,173.22,7.7
575,6,1,51,66.68,5,333.4,7.6
576,6,3,51,32.32,10,323.2,10.0
577,4,1,52,73.82,4,295.28,6.7
578,2,3,52,94.64,3,283.92,5.5
579,6,1,52,39.91,3,119.73,9.3
580,6,2,52,83.66,5,418.3,7.2
581,3,2,52,98.8,2,197.6,7.7
582,4,2,52,12.54,1,12.54,8.2
583,5,3,53,65.82,1,65.82,4.1
584,4,1,53,39.75,5,198.75,9.6
585,1,2,53,30.41,1,30.41,8.4
586,4,1,53,17.49,10,174.9,6.6
587,3,2,53,95.49,7,668.43,8.7
588,5,2,53,12.73,2,25.46,5.2
589,5,1,53,68.97,3,206.91,8.7
590,4,1,53,47.44,1,47.44,6.8
591,2,3,53,17.42,10,174.2,7.0
592,4,1,53,54.31,9,488.79,8.9
593,3,3,53,24.49,10,244.9,8.1
594,1,2,54,35.89,1,35.89,7.9
595,6,1,54,17.97,4,71.88,6.4
596,2,1,54,14.96,8,119.68,8.6
597,1,1,54,98.79,3,296.37,6.4
598,3,2,54,58.39,7,408.73,8.2
599,2,1,54,75.59,9,680.31,8.0
600,1,3,54,73.47,4,293.88,6.0
601,1,2,54,80.36,4,321.44,8.3
602,5,2,55,55.73,6,334.38,7.0
603,5,3,55,47.68,2,95.36,4.1
604,6,2,55,10.16,5,50.8,4.1
605,1,1,55,26.43,8,211.44,8.9
606,5,2,55,73.56,10,735.6,8.0
607,4,1,55,83.77,2,167.54,4.6
608,3,1,55,57.95,6,347.7,5.2
609,2,3,55,40.26,10,402.6,5.0
610,2,2,55,24.74,10,247.4,7.1
611,3,3,56,91.41,5,457.05,7.1
612,4,1,56,94.13,5,470.65,4.8
613,1,3,56,99.6,3,298.8,5.8
614,2,3,56,68.84,6,413.04,5.8
615,5,1,56,82.04,5,410.2,7.6
616,1,2,56,48.61,1,48.61,4.4
617,2,2,56,86.04,5,430.2,4.8
618,3,1,56,88.45,1,88.45,9.5
619,6,1,56,62.57,4,250.28,9.5
620,2,1,56,39.75,1,39.75,6.1
621,4,3,56,73.05,4,292.2,4.9
622,2,1,56,52.79,10,527.9,10.0
623,6,3,56,65.18,3,195.54,6.3
624,6,1,56,42.57,8,340.56,5.6
625,1,1,56,62.85,4,251.4,8.7
626,3,3,56,63.69,1,63.69,6.0
627,1,2,57,22.93,9,206.37,5.5
628,1,1,57,26.6,6,159.6,4.9
629,6,1,57,99.71,6,598.26,7.9
630,3,1,57,54.45,1,54.45,7.9
631,4,1,57,99.89,2,199.78,7.1
632,2,3,57,46.61,2,93.22,6.6
633,3,1,57,95.54,4,382.16,4.5
634,4,3,57,55.45,1,55.45,4.9
635,2,1,57,90.7,6,544.2,5.3
636,6,1,58,56.69,9,510.21,8.4
637,3,1,58,67.27,5,336.35,6.9
638,4,1,58,19.77,10,197.7,5.0
639,6,1,58,76.99,6,461.94,6.1
640,4,3,58,77.93,9,701.37,7.6
641,2,3,58,92.6,7,648.2,9.3
642,2,2,58,99.69,1,99.69,8.0
643,1,2,58,94.47,8,755.76,9.1
644,6,2,58,85.87,7,601.09,8.0
645,4,3,58,21.48,2,42.96,6.6
646,6,1,58,13.5,10,135.0,4.8
647,1,3,58,18.85,10,188.5,5.6
648,4,1,58,52.42,3,157.26,7.5
649,1,3,58,74.44,10,744.4,5.1
650,4,1,59,41.09,10,410.9,7.3
651,6,3,59,56.0,3,168.0,4.8
652,2,2,59,85.98,8,687.84,8.2
653,1,3,59,80.62,6,483.72,9.1
654,4,2,59,93.2,2,186.4,6.0
655,2,1,59,60.3,1,60.3,6.0
656,2,1,60,27.5,3,82.5,6.5
657,1,2,60,74.89,4,299.56,4.2
658,2,3,60,45.48,10,454.8,4.8
659,1,1,60,53.72,1,53.72,6.4
660,4,1,60,81.31,7,569.17,6.3
661,5,3,60,34.73,2,69.46,9.7
662,4,2,60,78.55,9,706.95,7.2
663,4,3,60,22.32,4,89.28,4.4
664,6,1,60,69.51,2,139.02,8.1
665,6,1,60,14.82,3,44.46,8.7
666,2,1,61,26.26,3,78.78,6.3
667,3,2,61,54.55,10,545.5,7.1
668,3,3,61,39.47,2,78.94,5.0
669,5,1,61,97.38,10,973.8,4.4
670,4,2,61,92.49,5,462.45,8.6
671,5,1,61,27.0,9,243.0,4.8
672,2,1,61,99.73,9,897.57,6.5
673,5,1,61,88.39,9,795.51,6.3
674,4,2,61,27.02,3,81.06,7.1
675,2,1,61,13.22,5,66.1,4.3
676,3,3,61,88.63,3,265.89,6.0
677,2,1,61,38.27,2,76.54,5.8
678,6,2,61,85.6,7,599.2,5.3
679,3,2,61,73.98,7,517.86,4.1
680,3,1,61,25.31,2,50.62,7.2
681,6,1,61,73.41,3,220.23,4.0
682,3,2,61,14.39,2,28.78,7.2
683,1,3,61,66.52,4,266.08,6.9
684,6,2,62,46.53,6,279.18,4.3
685,1,3,62,22.17,8,177.36,9.6
686,2,2,62,81.97,10,819.7,9.2
687,2,2,62,51.92,5,259.6,7.5
688,5,2,62,44.01,8,352.08,8.8
689,2,2,62,20.85,8,166.8,6.3
690,4,3,62,46.41,1,46.41,4.0
691,6,3,62,25.0,1,25.0,5.5
692,6,3,62,28.95,7,202.65,6.0
693,5,1,62,94.49,8,755.92,7.5
694,2,2,62,30.2,8,241.6,5.1
695,5,1,62,30.12,8,240.96,7.7
696,5,3,62,46.33,7,324.31,7.4
697,1,1,62,73.05,10,730.5,8.7
698,5,3,63,33.3,9,299.7,7.2
699,1,3,63,74.66,4,298.64,8.5
700,1,2,63,98.7,8,789.6,7.6
701,6,3,63,68.71,3,206.13,8.7
702,4,3,63,48.96,9,440.64,8.0
703,5,3,63,56.53,4,226.12,5.5
704,6,3,63,14.62,5,73.1,4.4
705,6,3,63,99.83,6,598.98,8.5
706,3,3,63,12.34,7,86.38,6.7
707,2,2,63,30.24,1,30.24,8.4
708,2,1,63,19.24,9,173.16,8.0
709,6,3,63,48.63,10,486.3,8.8
710,6,1,64,41.06,6,246.36,8.3
711,1,1,64,48.52,3,145.56,4.0
712,1,1,64,18.08,3,54.24,8.0
713,3,1,64,69.74,10,697.4,8.9
714,5,2,64,12.12,10,121.2,8.4
715,6,1,64,25.32,8,202.56,8.7
716,4,2,64,44.22,5,221.1,8.6
717,6,1,64,55.97,7,391.79,8.9
718,5,1,64,95.46,8,763.68,4.7
719,5,1,64,82.7,6,496.2,7.4
720,2,3,64,78.31,3,234.93,5.4
721,6,2,64,65.31,7,457.17,4.2
722,4,1,64,21.94,5,109.7,5.3
723,4,3,64,81.91,2,163.82,7.8
724,3,2,64,83.06,7,581.42,4.0
725,6,1,64,87.98,3,263.94,5.1
726,1,2,64,78.31,10,783.1,6.6
727,3,1,65,37.32,9,335.88,5.1
728,2,1,65,28.38,5,141.9,9.4
729,3,3,65,92.13,6,552.78,8.3
730,1,1,65,62.08,7,434.56,5.4
731,3,1,65,67.43,5,337.15,6.3
732,3,3,65,15.81,10,158.1,8.6
733,6,3,65,79.74,1,79.74,7.3
734,2,3,65,21.5,9,193.5,7.8
735,5,1,65,71.86,8,574.88,6.2
736,4,1,65,49.92,2,99.84,7.0
737,5,2,65,37.0,1,37.0,7.9
738,2,2,66,84.07,4,336.28,4.4
739,5,1,66,16.16,2,32.32,6.5
740,4,2,66,16.45,4,65.8,5.6
741,1,2,66,99.79,2,199.58,8.0
742,6,3,66,15.55,9,139.95,5.0
743,5,3,66,28.31,4,113.24,8.2
744,5,3,66,97.94,1,97.94,6.9
745,2,2,66,22.21,6,133.26,8.6
746,5,1,66,50.28,5,251.4,9.7
747,2,3,67,97.16,1,97.16,7.2
748,1,2,67,17.04,4,68.16,7.0
749,2,2,67,15.28,5,76.4,9.6
750,5,3,67,33.99,6,203.94,7.7
751,4,3,67,61.77,5,308.85,6.7
752,1,2,67,43.27,2,86.54,5.7
753,5,3,67,90.65,10,906.5,7.3
754,1,1,67,17.63,5,88.15,8.5
755,4,2,67,37.55,10,375.5,9.3
756,6,2,67,81.3,6,487.8,5.3
757,6,2,67,46.26,6,277.56,9.5
758,2,1,68,93.96,4,375.84,9.5
759,6,3,68,51.71,4,206.84,9.8
760,1,2,68,98.97,9,890.73,6.7
761,3,1,68,99.96,9,899.64,4.2
762,3,3,68,60.87,2,121.74,8.7
763,6,3,68,51.94,10,519.4,6.5
764,3,3,68,52.26,10,522.6,6.2
765,4,1,68,95.54,7,668.78,9.6
766,4,1,68,56.47,8,451.76,7.3
767,2,1,68,25.51,4,102.04,6.8
768,5,1,68,52.18,7,365.26,9.3
769,3,2,68,48.91,5,244.55,6.6
770,4,2,68,16.28,1,16.28,5.0
771,2,2,68,75.91,6,455.46,8.7
772,1,3,68,99.78,5,498.9,5.4
773,4,3,68,97.29,8,778.32,6.2
774,3,3,69,25.84,3,77.52,6.6
775,2,3,69,58.03,2,116.06,8.8
776,2,1,69,25.45,1,25.45,5.1
777,1,1,69,18.22,7,127.54,6.6
778,1,1,69,57.34,3,172.02,7.9
779,6,2,69,81.95,10,819.5,6.0
780,5,3,69,93.69,7,655.83,4.5
781,5,2,69,35.79,9,322.11,5.1
782,3,3,69,62.62,5,313.1,7.0
783,4,3,69,87.67,2,175.34,7.7
784,4,2,69,45.74,3,137.22,6.5
785,1,3,69,10.13,7,70.91,8.3
786,5,1,70,40.3,2,80.6,4.4
787,6,3,70,68.93,7,482.51,4.6
788,1,2,70,46.77,6,280.62,6.0
789,3,2,70,34.56,7,241.92,7.3
790,6,3,70,59.77,2,119.54,5.8
791,5,3,70,63.42,8,507.36,7.4
792,4,3,70,94.67,4,378.68,6.8
793,5,3,70,28.32,5,141.6,6.2
794,6,2,70,29.67,7,207.69,8.1
795,2,1,70,34.49,5,172.45,9.0
796,3,1,70,29.61,7,207.27,6.5
797,5,1,71,40.73,7,285.11,5.4
798,3,3,71,98.4,7,688.8,8.7
799,6,3,71,47.67,4,190.68,9.1
800,2,2,71,30.61,6,183.66,9.3
801,1,2,71,94.26,4,377.04,8.6
802,3,1,71,97.74,4,390.96,6.4
803,6,1,71,64.36,9,579.24,8.6
804,1,2,71,55.04,7,385.28,5.2
805,5,2,71,46.22,4,184.88,6.2
806,6,2,71,41.5,4,166.0,8.2
807,2,1,71,10.59,3,31.77,8.7
808,6,1,71,39.01,1,39.01,4.7
809,4,2,72,56.5,1,56.5,9.6
810,1,3,72,54.27,5,271.35,4.6
811,4,1,72,38.3,4,153.2,5.7
812,6,3,72,15.87,10,158.7,5.8
813,1,3,72,45.79,7,320.53,7.0
814,3,2,72,72.88,2,145.76,6.1
815,6,1,72,18.11,10,181.1,5.9
816,4,1,72,34.7,2,69.4,8.2
817,5,2,72,63.91,8,511.28,4.6
818,4,2,72,12.19,8,97.52,6.8
819,2,2,73,51.32,9,461.88,5.6
820,3,2,73,42.85,1,42.85,9.3
821,1,3,73,23.48,2,46.96,7.9
822,5,2,73,70.11,6,420.66,5.2
823,4,1,73,54.73,7,383.11,8.5
824,5,2,73,35.47,4,141.88,6.9
825,2,3,73,99.55,7,696.85,7.6
826,2,2,73,27.85,7,194.95,6.0
827,3,3,73,97.48,9,877.32,7.4
828,3,2,73,35.22,6,211.32,6.5
829,4,1,73,22.32,4,89.28,4.1
830,2,1,73,21.58,9,194.22,7.3
831,2,2,73,87.91,5,439.55,4.4
832,1,2,73,77.56,10,775.6,6.9
833,1,1,73,53.21,8,425.68,5.0
834,4,2,73,59.61,10,596.1,5.3
835,6,1,73,82.58,10,825.8,5.0
836,2,3,73,15.69,3,47.07,5.8
837,6,3,74,24.89,9,224.01,7.4
838,5,1,74,33.2,2,66.4,4.4
839,3,1,74,90.53,8,724.24,6.5
840,6,1,74,10.75,8,86.0,6.2
841,4,3,74,19.66,10,196.6,7.2
842,3,1,74,96.8,3,290.4,5.3
843,5,2,74,65.26,8,522.08,6.3
844,5,1,74,13.59,9,122.31,5.8
845,4,1,74,27.18,2,54.36,4.3
846,2,1,74,57.49,4,229.96,6.6
847,6,3,74,96.58,2,193.16,5.1
848,6,1,74,92.78,1,92.78,9.8
849,4,2,75,97.26,4,389.04,6.8
850,1,2,75,87.8,9,790.2,9.2
851,1,3,75,63.61,5,318.05,4.8
852,6,2,75,15.37,2,30.74,7.2
853,3,3,75,72.5,8,580.0,9.2
854,3,1,75,74.97,1,74.97,5.6
855,2,1,75,95.64,4,382.56,7.9
856,5,3,75,23.75,4,95.0,5.2
857,3,1,75,34.37,10,343.7,6.7
858,5,1,76,11.28,9,101.52,4.3
859,1,2,76,22.62,1,22.62,6.4
860,4,2,76,35.19,10,351.9,8.4
861,3,1,76,54.51,6,327.06,7.8
862,3,3,76,76.92,10,769.2,5.6
863,5,3,76,77.47,4,309.88,4.2
864,2,3,77,51.19,4,204.76,4.7
865,5,1,77,99.7,3,299.1,4.7
866,4,2,77,91.98,1,91.98,9.8
867,3,3,77,33.26,5,166.3,4.2
868,5,2,77,28.53,10,285.3,7.8
869,4,2,77,51.47,1,51.47,8.5
870,5,1,77,44.12,3,132.36,7.9
871,4,2,78,82.63,10,826.3,7.9
872,4,1,78,25.42,8,203.36,6.7
873,4,3,78,76.4,9,687.6,7.5
874,6,1,78,30.35,7,212.45,8.0
875,1,3,78,83.34,2,166.68,7.6
876,5,2,78,75.53,4,302.12,8.3
877,5,1,78,38.81,4,155.24,4.9
878,2,3,78,75.06,9,675.54,6.2
879,3,2,78,99.24,9,893.16,9.0
880,2,2,78,88.55,8,708.4,4.7
881,2,2,78,26.61,2,53.22,4.2
882,2,2,78,46.2,1,46.2,6.3
883,6,2,78,66.14,4,264.56,5.6
884,5,3,78,23.29,4,93.16,5.9
885,4,3,78,15.5,1,15.5,7.4
886,2,3,78,32.71,5,163.55,9.9
887,1,1,79,20.87,3,62.61,8.0
888,3,3,79,38.72,9,348.48,4.2
889,4,1,79,99.25,2,198.5,9.0
890,2,3,79,74.51,6,447.06,5.0
891,5,1,79,92.36,5,461.8,4.9
892,1,1,79,79.91,3,239.73,5.0
893,1,3,79,91.61,1,91.61,9.8
894,5,3,79,93.96,9,845.64,9.8
895,3,2,79,25.25,5,126.25,6.1
896,4,2,79,70.99,10,709.9,5.7
897,5,2,79,83.17,6,499.02,7.3
898,3,3,79,44.02,10,440.2,9.6
899,1,3,79,43.25,2,86.5,6.2
900,4,1,79,33.63,1,33.63,5.6
901,3,1,79,75.92,8,607.36,5.5
902,2,3,80,26.48,3,79.44,4.7
903,2,3,80,90.02,8,720.16,4.5
904,5,3,80,33.84,9,304.56,8.8
905,2,3,80,28.45,5,142.25,9.1
906,3,1,80,49.49,4,197.96,6.6
907,1,2,80,57.29,6,343.74,5.9
908,5,3,81,52.59,8,420.72,8.5
909,5,3,81,50.93,8,407.44,9.2
910,1,3,81,56.56,5,282.8,4.5
911,3,3,81,62.13,6,372.78,7.4
912,3,3,81,85.91,5,429.55,8.6
913,4,1,81,17.87,4,71.48,6.5
914,3,1,81,88.43,8,707.44,4.3
915,2,3,81,95.15,1,95.15,6.0
916,3,1,81,37.02,6,222.12,4.5
917,5,3,81,18.28,1,18.28,8.3
918,1,3,82,52.75,3,158.25,9.3
919,5,3,82,25.29,1,25.29,6.1
920,4,3,82,37.15,4,148.6,8.3
921,4,2,82,67.39,7,471.73,6.9
922,2,3,82,73.47,10,734.7,9.5
923,3,3,82,15.5,10,155.0,8.0
924,6,2,82,54.92,8,439.36,7.6
925,4,1,82,91.54,4,366.16,4.8
926,5,2,82,81.2,7,568.4,8.1
927,5,2,82,55.61,7,389.27,8.5
928,1,3,82,73.88,6,443.28,4.4
929,4,1,83,58.75,6,352.5,5.9
930,5,3,83,65.94,4,263.76,6.0
931,3,2,83,14.7,5,73.5,8.5
932,6,1,83,82.88,5,414.4,6.6
933,3,1,83,24.77,5,123.85,8.5
934,2,2,83,64.95,10,649.5,5.2
935,5,2,83,78.38,4,313.52,7.9
936,1,2,83,33.98,9,305.82,4.2
937,5,3,83,70.32,2,140.64,9.6
938,5,2,83,74.86,1,74.86,6.9
939,5,1,83,99.92,6,599.52,7.1
940,3,1,84,93.31,2,186.62,6.3
941,2,1,84,52.89,4,211.56,6.7
942,2,2,84,85.39,7,597.73,4.1
943,1,2,84,39.43,6,236.58,9.4
944,6,3,84,15.8,3,47.4,9.5
945,4,2,84,76.52,5,382.6,9.9
946,1,3,84,55.39,4,221.56,8.0
947,2,3,84,19.32,7,135.24,6.9
948,2,3,84,36.36,4,145.44,7.6
949,6,3,85,64.27,4,257.08,7.7
950,6,3,85,27.73,5,138.65,4.2
951,2,3,85,72.2,7,505.4,4.3
952,6,2,85,43.7,2,87.4,4.9
953,4,3,85,41.28,3,123.84,8.5
954,2,1,85,45.71,3,137.13,7.7
955,5,1,85,12.29,9,110.61,8.0
956,3,1,85,39.12,1,39.12,9.6
957,4,3,85,52.38,1,52.38,5.8
958,2,2,85,84.25,2,168.5,5.3
959,4,2,85,48.71,1,48.71,4.1
960,1,2,85,16.31,9,146.79,8.4
961,6,3,85,10.69,5,53.45,7.6
962,1,3,86,52.34,3,157.02,9.2
963,1,3,86,49.38,7,345.66,7.3
964,3,1,86,93.39,6,560.34,10.0
965,5,3,86,44.34,2,88.68,5.8
966,6,3,86,32.46,8,259.68,4.9
967,1,1,86,29.15,3,87.45,7.3
968,2,1,86,55.67,2,111.34,6.0
969,1,3,86,79.54,2,159.08,6.2
970,1,1,86,32.32,3,96.96,4.3
971,4,2,86,99.82,9,898.38,6.6
972,2,3,87,26.02,7,182.14,5.1
973,2,2,87,47.65,3,142.95,9.5
974,4,1,87,30.37,3,91.11,5.1
975,4,3,87,71.46,7,500.22,4.5
976,1,3,87,71.68,3,215.04,9.2
977,6,3,87,10.08,7,70.56,4.2
978,1,3,87,51.34,5,256.7,9.1
979,1,3,87,58.26,6,349.56,9.9
980,1,2,87,38.6,3,115.8,7.5
981,1,2,87,49.79,4,199.16,6.4
982,6,1,88,71.77,7,502.39,8.9
983,6,1,88,87.87,10,878.7,5.1
984,2,2,88,82.34,10,823.4,4.3
985,5,3,88,72.42,3,217.26,8.2
986,6,1,88,54.86,5,274.3,9.8
987,2,2,88,28.84,4,115.36,6.4
988,6,3,88,71.38,10,713.8,5.7
989,6,1,88,61.29,5,306.45,7.0
990,2,2,89,96.82,3,290.46,6.7
991,6,1,89,97.22,9,874.98,6.0
992,2,3,89,64.44,5,322.2,6.6
993,3,3,89,89.48,5,447.4,7.4
994,1,1,89,93.4,2,186.8,5.5
995,3,3,89,40.23,7,281.61,9.6
996,6,1,89,72.57,8,580.56,4.6
997,1,2,89,72.52,8,580.16,4.0
998,4,2,89,10.18,8,81.44,9.5
999,5,3,89,34.42,6,206.52,7.5
1000,6,2,89,70.21,6,421.26,7.4
